lead_time,mae,rmse,csi,far,recall_pod,f1,threshold,num_test_samples,best_epoch
1,0.10605189949274063,0.1284361034631729,0.6560465494790777,0.3439534505207867,0.9999999999997933,0.7923044744410912,0.28,72,1
3,0.08352325856685638,0.10626465827226639,0.6550810842802062,0.34491891571964595,0.9999999999997742,0.7915999844890285,0.28,66,1
6,0.09566475450992584,0.11376531422138214,0.6522692617402552,0.34773073825957346,0.9999999999997374,0.7895435361491459,0.28,57,2
12,0.18539831042289734,0.22320027649402618,0.5287960737178163,0.4712039262819333,0.9999999999995264,0.6917810417616617,0.28,39,2
24,0.39962705969810486,0.42959657311439514,0.3398437499988938,0.660156249997851,0.9999999999904216,0.507288625948967,0.28,3,2
