model_type,model_label,learning_rate,best_validation_loss,best_epoch,epochs_ran,validation_mae_cm,validation_csi,training_time_sec,test_evaluated
convlstm,Conv-LSTM,0.001,0.0417917835024687,3,6,0.698669870212307,0.8016406384981238,13.127943754196167,False
convlstm_attention,Conv-LSTM + Attention,0.0003,0.04714683414651798,7,8,1.0124164158521631,0.742349628424283,17.362048387527466,False
cnn_temporal_transformer,CNN-Temporal Transformer,0.0001,0.040615847190985314,5,8,0.6381743802600421,0.8080223874394519,27.869426488876343,False
urnn_lite,U-RNN Lite (adapted),0.0001,0.038111184938595846,5,8,0.7163220336852425,0.812980542792674,47.212207317352295,False
fno2d_history,FNO2D-History (adapted),0.001,0.03703979402780533,7,8,0.777974548334629,0.8241388628514685,12.420020580291748,False
simvp_lite,SimVP Lite (adapted),0.0001,0.03833046039709678,2,5,0.6302915474540198,0.8212006828646263,18.56647539138794,False
