{
  "rows": [
    {
      "mae": 0.06494113057851791,
      "rmse": 0.07659313082695007,
      "tp": 88894,
      "fp": 2833,
      "fn": 1460,
      "tn": 132093,
      "precision": 0.9691148734831654,
      "recall_pod": 0.9838413351925777,
      "f1": 0.9764225761591119,
      "iou": 0.9539313423545179,
      "csi": 0.9539313423545179,
      "csi_iou_equivalent": true,
      "far": 0.030885126516725623,
      "accuracy": 0.9809437144885927,
      "frequency_bias": 1.0151957854659435,
      "hss": 0.9604340294887568,
      "ets": 0.9238798274786366,
      "flood_extent_error": 0.006094637784090638,
      "peak_depth_error": 0.23508119583129883,
      "event_id": "event_0006",
      "num_samples": 55
    },
    {
      "mae": 0.06270603090524673,
      "rmse": 0.09067180007696152,
      "tp": 100382,
      "fp": 1957,
      "fn": 12612,
      "tn": 110329,
      "precision": 0.9808772804110866,
      "recall_pod": 0.8883834539886287,
      "f1": 0.932341995541568,
      "iou": 0.8732590408086165,
      "csi": 0.8732590408086165,
      "csi_iou_equivalent": true,
      "far": 0.01912271958881569,
      "accuracy": 0.9353293678976857,
      "frequency_bias": 0.9057029576790887,
      "hss": 0.870695898701361,
      "ets": 0.7710021576119133,
      "flood_extent_error": 0.047296697443179714,
      "peak_depth_error": 0.23861825466156006,
      "event_id": "event_0007",
      "num_samples": 55
    },
    {
      "mae": 0.04520696774125099,
      "rmse": 0.05561171472072601,
      "tp": 188930,
      "fp": 8762,
      "fn": 163,
      "tn": 27425,
      "precision": 0.9556785302389091,
      "recall_pod": 0.9991379903010159,
      "f1": 0.9769251601458467,
      "iou": 0.9548912082079828,
      "csi": 0.9548912082079828,
      "csi_iou_equivalent": true,
      "far": 0.044321469761040184,
      "accuracy": 0.9603826349431391,
      "frequency_bias": 1.0454749779208619,
      "hss": 0.837467256121976,
      "ets": 0.7203816499207853,
      "flood_extent_error": 0.03817027698863467,
      "peak_depth_error": 0.23457390069961548,
      "event_id": "event_0014",
      "num_samples": 55
    },
    {
      "mae": 0.05233097821474075,
      "rmse": 0.07331941276788712,
      "tp": 113676,
      "fp": 711,
      "fn": 16989,
      "tn": 93904,
      "precision": 0.9937842587006396,
      "recall_pod": 0.8699804844448881,
      "f1": 0.9277704274200086,
      "iou": 0.8652721958347898,
      "csi": 0.8652721958347898,
      "csi_iou_equivalent": true,
      "far": 0.006215741299272976,
      "accuracy": 0.9214311079545046,
      "frequency_bias": 0.8754218803810603,
      "hss": 0.8424712465420601,
      "ets": 0.7278188503094986,
      "flood_extent_error": 0.0722567471590877,
      "peak_depth_error": 0.23743367195129395,
      "event_id": "event_0019",
      "num_samples": 55
    },
    {
      "mae": 0.04633278399705887,
      "rmse": 0.05782170221209526,
      "tp": 219604,
      "fp": 283,
      "fn": 2207,
      "tn": 3186,
      "precision": 0.9987129753009045,
      "recall_pod": 0.9900500876872206,
      "f1": 0.9943626590827489,
      "iou": 0.9887885309823322,
      "csi": 0.9887885309823322,
      "csi_iou_equivalent": true,
      "far": 0.001287024699049908,
      "accuracy": 0.9889470880681379,
      "frequency_bias": 0.9913259486679654,
      "hss": 0.7136585077411001,
      "ets": 0.554797083072846,
      "flood_extent_error": 0.008540482954545075,
      "peak_depth_error": 0.24914348125457764,
      "event_id": "event_0033",
      "num_samples": 55
    },
    {
      "mae": 0.05182724446058273,
      "rmse": 0.06615348160266876,
      "tp": 195586,
      "fp": 4106,
      "fn": 612,
      "tn": 24976,
      "precision": 0.9794383350359063,
      "recall_pod": 0.9968807021477794,
      "f1": 0.9880825431829156,
      "iou": 0.976445802380333,
      "csi": 0.976445802380333,
      "csi_iou_equivalent": true,
      "far": 0.0205616649640436,
      "accuracy": 0.9790571732954111,
      "frequency_bias": 1.0178085403520414,
      "hss": 0.9018383009972578,
      "ets": 0.8212254186391194,
      "flood_extent_error": 0.015509588068181129,
      "peak_depth_error": 0.251143217086792,
      "event_id": "event_0037",
      "num_samples": 55
    },
    {
      "mae": 0.05686628073453903,
      "rmse": 0.072022944688797,
      "tp": 105372,
      "fp": 4189,
      "fn": 7661,
      "tn": 108058,
      "precision": 0.9617655917707066,
      "recall_pod": 0.9322233330088618,
      "f1": 0.9467640587225257,
      "iou": 0.8989097609662948,
      "csi": 0.8989097609662948,
      "csi_iou_equivalent": true,
      "far": 0.03823440822920216,
      "accuracy": 0.9473987926135943,
      "frequency_bias": 0.9692833066448764,
      "hss": 0.8948076175442856,
      "ets": 0.8096396896582895,
      "flood_extent_error": 0.015411931818181132,
      "peak_depth_error": 0.23399370908737183,
      "event_id": "event_0049",
      "num_samples": 55
    },
    {
      "mae": 0.04244587570428848,
      "rmse": 0.05328698456287384,
      "tp": 145819,
      "fp": 10523,
      "fn": 335,
      "tn": 68603,
      "precision": 0.932692430696746,
      "recall_pod": 0.9977078971495136,
      "f1": 0.9641053054890523,
      "iou": 0.9306981879917964,
      "csi": 0.9306981879917964,
      "csi_iou_equivalent": true,
      "far": 0.06730756930318997,
      "accuracy": 0.9518022017045031,
      "frequency_bias": 1.0697072950448794,
      "hss": 0.8910247011200904,
      "ets": 0.8034666795733884,
      "flood_extent_error": 0.04522372159090708,
      "peak_depth_error": 0.2342635989189148,
      "event_id": "event_0050",
      "num_samples": 55
    },
    {
      "mae": 0.06972046941518784,
      "rmse": 0.0877339318394661,
      "tp": 126836,
      "fp": 14,
      "fn": 10936,
      "tn": 87494,
      "precision": 0.9998896334252266,
      "recall_pod": 0.9206224777167406,
      "f1": 0.9586202155494433,
      "iou": 0.9205289361763226,
      "csi": 0.9205289361763226,
      "csi_iou_equivalent": true,
      "far": 0.00011036657469451239,
      "accuracy": 0.951393821022685,
      "frequency_bias": 0.9207240948813313,
      "hss": 0.8999721334908911,
      "ets": 0.8181357590028842,
      "flood_extent_error": 0.0484818892045433,
      "peak_depth_error": 0.25639480352401733,
      "event_id": "event_0055",
      "num_samples": 55
    }
  ],
  "threshold": 0.28
}